ndcg_5,ndcg_10,mrr_5,mrr_10,percentage
0.601396381855011,0.6813105344772339,0.598717987537384,0.6149903535842896,20.0
0.58935546875,0.6617372035980225,0.5936965942382812,0.6040471196174622,40.0
0.602130115032196,0.6659190654754639,0.5735042691230774,0.5844424366950989,60.0
0.6116688847541809,0.686930239200592,0.5870726108551025,0.6058582663536072,80.0
0.627752959728241,0.7043471932411194,0.6266025900840759,0.642602801322937,100.0
