ndcg_5,ndcg_10,mrr_5,mrr_10,percentage
0.5899192094802856,0.6749696135520935,0.5909188389778137,0.6116936802864075,20.0
0.5010643601417542,0.5858612060546875,0.48482903838157654,0.5046830177307129,40.0
0.604123055934906,0.6651239395141602,0.5696581602096558,0.5810592174530029,60.0
0.621904730796814,0.6877313256263733,0.5956196784973145,0.609762966632843,80.0
0.637285053730011,0.7030425667762756,0.6273504495620728,0.6424349546432495,100.0
