ndcg_5,ndcg_10,mrr_5,mrr_10,percentage
0.5232809782028198,0.6010757684707642,0.5216881036758423,0.538507342338562,20.0
0.5944188237190247,0.6685671806335449,0.5958333015441895,0.6084681749343872,40.0
0.6013384461402893,0.6659523248672485,0.5631410479545593,0.5754783153533936,60.0
0.6344242095947266,0.7056199908256531,0.6252137422561646,0.6394333243370056,80.0
0.6285268068313599,0.6943703293800354,0.6188035011291504,0.6300468444824219,100.0
