ndcg_5,ndcg_10,mrr_5,mrr_10,percentage
0.5228132009506226,0.598224937915802,0.5147435665130615,0.5295023918151855,20.0
0.5942999720573425,0.661344051361084,0.5998931527137756,0.6103911995887756,40.0
0.6181358695030212,0.6796393990516663,0.5826923251152039,0.5936049222946167,60.0
0.6118420362472534,0.6877092123031616,0.5882478356361389,0.6074278354644775,80.0
0.6320965886116028,0.7029832005500793,0.6227563619613647,0.6363908648490906,100.0
