ndcg_5,ndcg_10,mrr_5,mrr_10,percentage
0.2627224922180176,0.3075001835823059,0.14260001480579376,0.15925617516040802,20.0
0.27755415439605713,0.32370680570602417,0.16857501864433289,0.1867494136095047,40.0
0.28878647089004517,0.3327838182449341,0.16815002262592316,0.18674427270889282,60.0
0.28927093744277954,0.3335735499858856,0.18566668033599854,0.20484723150730133,80.0
0.3136653006076813,0.3512680232524872,0.1979333460330963,0.21455438435077667,100.0
