ndcg_5,percentage
0.7618768811225891,50.0
0.7312034964561462,60.0
0.7019566297531128,70.0
0.7164028286933899,80.0
