ndcg_5,percentage
0.22558295726776123,20.0
0.22772431373596191,40.0
0.22531181573867798,60.0
0.22102203965187073,80.0
0.21970371901988983,100.0
