ndcg_5,ndcg_10,mrr_5,mrr_10,percentage
0.7800373435020447,0.8097957968711853,0.7355769872665405,0.7469271421432495,50.0
0.7184180021286011,0.7684662342071533,0.685363233089447,0.6950982213020325,60.0
0.6915713548660278,0.742264449596405,0.6753205060958862,0.6881028413772583,70.0
0.7122149467468262,0.7561360597610474,0.6869657635688782,0.6976394057273865,80.0
