ndcg_5,percentage
0.5741757750511169,20.0
0.5768818259239197,40.0
0.5144398808479309,60.0
0.5786470174789429,80.0
0.6231263279914856,100.0
