ndcg_5,ndcg_10,mrr_5,mrr_10,percentage
0.2083599716424942,0.24975699186325073,0.09712500125169754,0.11289840936660767,20.0
0.19207774102687836,0.23178532719612122,0.09150000661611557,0.10552738606929779,40.0
0.19704797863960266,0.24331213533878326,0.09075833857059479,0.10878433287143707,60.0
0.1918119490146637,0.23545987904071808,0.09013334661722183,0.10793452709913254,80.0
0.21626639366149902,0.25526559352874756,0.11122500896453857,0.12740495800971985,100.0
