ndcg_5,ndcg_10,mrr_5,mrr_10,percentage
0.7626433968544006,0.7932746410369873,0.7119658589363098,0.7218356132507324,50.0
0.7168728709220886,0.7658967971801758,0.682478666305542,0.6925316452980042,60.0
0.6823762059211731,0.7285723686218262,0.6565170884132385,0.6682743430137634,70.0
0.7033097743988037,0.7465206980705261,0.6780982613563538,0.6876857280731201,80.0
